itemId,timestamp
com.endlessm.animals.en/d33c55379ace2a870e1e0370f05e3ffbc98e66ce,1526212659
com.endlessm.celebrities.en/44cedd6ff0b4a3d07ef5f2b2f80a2580bf8451d1,1526212681
com.endlessm.celebrities.en/d541d9cc02ad74a7f4845aa9d8eeaa47d3309da0,1526201373
com.endlessm.animals.en/3990a2d2241af8fda2836bd709c857ee4871cd3b,1526201320
com.endlessm.celebrities.en/a312e07980c15fe7c52dc65fb25e4a00191c0ca8,1526215827
com.endlessm.history.en/5fc8f2f3c6f5945a0544118978048c44291e4558,1526201382
com.endlessm.geography.en/3d06f86f66d9a52377089acad6f097beee849552,1526201376
com.endlessm.celebrities.en/884ab75f81d0ed57bfab68458663bf31810e2f3f,1526215854
com.endlessm.celebrities.en/d4c5abe37ca1172253833ff84e852dc30f20bb16,1526201372
com.endlessm.history.en/9b6de0ac8d2c6880adf2b017d446fdf5db6c6059,1526201386
com.endlessm.video_movement/4b8b40ac56727c0d2026a9d93b05d65e9034f11f,1526201391
com.endlessm.celebrities.en/ecc7b2ffbd81b7b4850f2d0774856dfcb0a7c74f,1526215828
com.endlessm.travel.en/233a9fd65c93acf6b6c29afc7e038372e916802a,1526201329
com.endlessm.travel.en/9a618937f7aa39d4bdf62f101860343db57ae304,1526201356
com.endlessm.celebrities.en/f6881b7944d81e5e103dacaba62d4a67fd58b4f7,1526212685
com.endlessm.celebrities.en/9d695ea5505110dbd3b3910fb960f5cb1c8a5436,1526215825
com.endlessm.celebrities.en/ad9b057b1f957f2ec3698409ba755ae94d0cee8a,1526215827
com.endlessm.celebrities.en/664d792029a677a1748ab63bf15ff89c7dc30d9c,1526215789
com.endlessm.celebrities.en/b2f5558af593b23bac5877df3f9220fda9a4d0ba,1526215791
com.endlessm.travel.en/332e23b21efabaaf34c900a1fe0e7f17bb352519,1526201333
com.endlessm.travel.en/4490481a06270d0594790d4e24dca07c21e67dc1,1526201336
com.endlessm.animals.en/c0729ffdb4bbcaec19e70713a51d27ea9527c0a7,1526201324
com.endlessm.travel.en/9123b03e15586b031d085cdb4ed2691912fc9d84,1526201355
com.endlessm.travel.en/d2ab090facbf71816c7292188f2486cc868678a6,1526201360
com.endlessm.travel.en/fe021af16e98c60894f97f6e2bfef70f3044048c,1526201367
com.endlessm.travel.en/850c6dd95969dc92883d3e093f5272251daf9e17,1526212667
com.endlessm.celebrities.en/f9b832875bfe166fc87f0527077b2e6435755daf,1526215795
com.endlessm.celebrities.en/1e03b8af1f43f33ba8fdaa9ce685b42dc1bf74e9,1526215820
com.endlessm.celebrities.en/508dafa056c37a72fe9a292976118c354bb6c106,1526215822
com.endlessm.travel.en/17c62983400c76bede0677229d372af717655cde,1526212662
com.endlessm.celebrities.en/382d9ee00576f0f79524c0cd00f7eee464dd1a64,1526215850
com.endlessm.celebrities.en/d304aaa73b5059b522ea20a52acfdf9dd2471e97,1526201372
com.endlessm.animals.en/a96b25da1d8b940012d15ee96db5631d8c5c0430,1526201322
